Base Changes	FT100061567_L01_UDB-393	FT100061567_L01_UDB-394	FT100061567_L01_UDB-396	FT100061567_L01_UDB-397	FT100061567_L01_UDB-400	FT100061567_L01_UDB-403
A16878T	0.0	0.0	0.0	0.0	0.6952941176470588	0.0
A17222G	0.0	0.0	0.42857142857142855	0.0	0.0	0.0
A18163G	0.0	1.0	0.0	1.0	0.9930619796484738	0.9953488372093023
A18492G	0.0	1.0	0.0	1.0	0.9487929773226043	0.9968454258675079
A19326G	0.0	1.0	0.0	0.9934210526315791	0.8495339547270306	0.0
A20055G	1.0	0.0	0.0	1.0	1.0	1.0
A20198G	0.0	0.0	0.0	1.0	0.0	0.0
A21712C	0.0	0.0	0.0	1.0	0.0	0.9267840593141798
A22556G	0.0	0.0	0.0	0.0	0.0	0.8085106382978722
A22629C	0.0	0.0	0.0	0.0	0.0	0.9503386004514672
A22688G	0.0	1.0	0.0	1.0	1.0	0.9984894259818731
A22786C	0.0	1.0	0.0	1.0	1.0	0.9975932611311673
A22910G	0.0	0.0	0.0	0.0	0.0	0.8393501805054151
A23013C	0.0	1.0	0.0	1.0	0.7679814385150812	0.0
A23055G	0.0	1.0	0.0	1.0	1.0	1.0
A23063T	0.0	0.0	0.0	1.0	0.9988571428571429	1.0
A23403G	0.0	0.0	0.0	1.0	1.0	1.0
A23416G	0.0	0.0	0.0	0.5172413793103449	0.0	0.0
A24424T	0.0	0.0	0.0	1.0	1.0	1.0
A26275G	1.0	0.0	1.0	1.0	0.7249481686247408	0.0
A26610G	0.0	0.0	0.0	0.0	0.0	1.0
A26612G	0.0	0.0	0.0	1.0	0.0	0.0
A27259C	0.0	0.0	0.0	1.0	0.9987908101571947	0.9994649545211343
A27383T	0.0	0.0	0.0	1.0	1.0	1.0
A27507C	0.0	0.0	0.0	1.0	0.7270173646578141	0.0
A28271T	0.996996996996997	0.0	0.0	0.0	0.9974281038110824	0.9987646695491044
A29510C	1.0	0.0	1.0	1.0	0.9992920353982301	1.0
A405G	1.0	0.0	1.0	0.0	0.7038216560509554	0.0
A6035G	0.0	0.0	0.0	0.0	0.0	0.6621621621621621
A6183G	0.0	0.0	0.0	0.0	0.0	0.993993993993994
A9424G	0.0	0.0	1.0	0.0	0.9878542510121457	0.0
C10029T	0.0	0.0	0.9939024390243902	0.0	0.9984621299500192	0.0
C10039T	0.0	0.0	1.0	0.0	0.0	0.0
C10198T	1.0	0.0	1.0	0.0	0.9991922455573505	0.0
C10449A	1.0	0.0	1.0	1.0	1.0	0.0
C12789T	0.0	0.0	0.0	0.0	0.9384135325997701	0.9829129373474369
C12880T	0.0	0.0	0.0	1.0	0.9982078853046594	1.0
C13378T	0.0	0.0	0.0	0.0	0.5426356589147286	0.0
C14408T	1.0	0.0	0.0	1.0	0.9993589743589744	1.0
C14675A	0.0	0.0	0.0	0.0	0.0	1.0
C15714T	0.0	0.0	0.0	0.0	0.99	1.0
C15738T	0.0	0.0	0.0	0.0	0.7553191489361702	0.0
C16712T	0.0	0.0	0.0	0.0	0.0	0.41379310344827586
C17410T	0.0	0.0	1.0	0.975	0.9969581749049429	0.9981132075471699
C1762A	0.0	0.0	0.0	0.0	0.0	1.0
C18582A	0.0	0.0	0.0	0.0	0.0	0.7073791348600509
C18894T	0.0	0.0	0.0	0.0	0.0	0.9951377633711506
C19806T	0.0	0.0	0.0	1.0	0.41927083333333326	0.0
C19955T	1.0	0.0	0.0	1.0	1.0	0.9993662864385296
C21602A	0.0	0.0	0.0	1.0	0.0	1.0
C21618T	0.0	0.0	0.0	0.0	0.9953271028037384	0.9595959595959596
C22000A	0.0	0.0	0.0	1.0	0.8606870229007633	0.8174273858921162
C22109G	0.0	0.0	0.0	0.0	0.903292181069959	0.8221153846153846
C22208T	0.0	0.0	0.0	0.0	0.0	0.998537797923673
C22295A	0.0	0.0	0.0	0.0	0.0	0.5386779184247539
C22353A	0.0	0.0	0.0	0.0	0.0	0.4666466346153847
C22480T	0.0	0.0	0.0	1.0	0.9860703812316716	0.0
C22664A	0.0	1.0	0.0	1.0	0.8642297650130548	0.0
C22674T	0.0	1.0	0.0	1.0	1.0	1.0
C22686T	0.0	1.0	0.0	1.0	1.0	0.9985141158989599
C22916T	0.0	0.0	0.0	0.0	0.0	0.8130081300813008
C22995A	0.0	1.0	0.0	1.0	1.0	1.0
C23271T	0.0	0.0	0.0	0.0	0.0	1.0
C2334T	1.0	0.0	0.0	0.0	0.5862068965517241	0.0
C23423T	0.0	0.0	0.0	0.0	0.0	0.9896907216494846
C23525T	0.0	0.0	0.0	1.0	1.0	0.99822695035461
C23604A	0.0	0.0	0.0	1.0	1.0	0.0
C23604G	0.0	0.0	0.0	0.0	0.0	1.0
C23854A	0.0	0.0	0.0	1.0	1.0	1.0
C241T	0.9968152866242037	0.0	0.9473684210526315	0.0	1.0	0.0
C24378T	0.0	0.0	0.0	0.0	0.606508875739645	1.0
C24990T	0.0	0.0	0.0	0.0	0.0	1.0
C25000T	0.0	0.0	1.0	1.0	1.0	1.0
C25207T	0.0	0.0	0.0	0.0	0.0	0.9979818365287588
C25416T	0.0	0.0	0.0	1.0	0.7178770949720671	0.0
C25572T	0.0	0.0	0.0	1.0	0.6452905811623246	0.0
C25584T	0.0	0.0	0.0	1.0	0.9989775051124744	0.9975062344139651
C26060T	1.0	0.0	1.0	1.0	1.0	0.9948630136986302
C26270T	0.9916666666666667	0.0	1.0	1.0	0.9994756161510225	1.0
C26313T	0.0	0.0	1.0	0.0	0.0	0.0
C26577G	0.0	0.0	1.0	1.0	0.9991809991809992	1.0
C26681T	0.0	0.0	0.0	0.0	0.0	1.0
C26833T	0.0	0.0	0.0	0.0	0.4550182007280291	0.998731769181991
C26858T	0.0	1.0	1.0	1.0	0.9635710620831196	0.9993324432576769
C27807T	1.0	0.0	1.0	0.0	0.9958649207443143	0.9978936282253819
C2790T	1.0	0.0	0.0	0.0	0.9963898916967509	0.0
C28087T	0.0	0.0	0.0	0.0	0.0	0.6955182072829131
C28201T	0.0	0.0	0.0	0.0	0.0	0.5157421289355323
C28311T	0.950920245398773	0.0	0.0	0.0	0.9000985221674876	0.6242990654205608
C28948T	0.0	0.0	0.0	0.0	0.0	0.9339320076972419
C28958A	0.0	0.0	0.0	0.0	0.0	0.9836512261580381
C28997T	0.0	0.0	0.0	0.0	0.0	0.9996004794246903
C29144T	0.0	0.0	0.0	0.0	0.0	0.9963369963369964
C29485T	0.0	0.0	0.0	1.0	0.0	0.0
C29555T	0.0	0.0	1.0	0.9959349593495935	0.0	0.0
C29625T	1.0	0.0	0.9919354838709676	0.9937694704049843	0.6852719494805458	0.0
C3037T	1.0	0.0	0.0	0.0	0.9979188345473466	0.0
C4321T	0.9875	0.0	0.0	0.0	1.0	0.99812734082397
C44T	0.0	0.0	0.0	0.0	1.0	0.0
C5833T	0.8616352201257862	0.0	0.0	0.0	0.0	0.0
C6224T	0.0	0.0	0.0	0.0	0.0	0.618595825426945
C6541T	0.0	0.0	0.0	0.0	0.6417910447761195	0.0
C7083T	0.0	0.0	0.9603174603174603	0.0	0.0	0.0
C9142T	0.0	0.0	0.0	0.0	0.5253333333333333	0.0
C9344T	0.0	0.0	0.9893805309734514	0.0	0.9948078920041535	0.0
C9534T	0.0	0.0	1.0	0.0	1.0	0.0
C9693T	1.0	0.0	1.0	0.0	0.5400881057268723	0.0
C9866T	1.0	0.0	1.0	0.0	0.4125799573560768	0.0
CGAGGCCACGCGGAGTACGATCGAGTG29733C	0.0	0.0	1.0	0.0	1.0	1.0
G10447A	1.0	0.0	1.0	1.0	0.9973821989528795	0.0
G13627A	0.0	0.0	0.0	0.0	0.8504297994269341	0.0
G14140T	0.5384615384615384	0.0	0.0	0.0	0.0	0.0
G15451A	0.0	0.0	0.0	0.0	0.8625336927223721	0.0
G18769A	0.0	0.0	0.0	0.0	0.0	0.4849445324881141
G19723T	0.0	1.0	0.0	0.0	0.0	0.0
G2035A	0.0	0.0	0.0	0.0	0.0	0.9991624790619765
G21604T	0.0	1.0	0.0	0.0	0.0	0.0
G21718T	0.0	0.0	0.0	1.0	0.8921775898520085	0.9089403973509934
G21987A	0.0	0.0	0.0	1.0	0.9978165938864629	1.0
G22317T	0.0	0.0	0.0	1.0	0.893508225878168	0.5237983587338805
G22577C	0.0	1.0	0.0	1.0	1.0	1.0
G22578A	0.0	1.0	0.0	1.0	1.0	1.0
G22599C	0.0	1.0	0.0	1.0	0.8755364806866953	0.0
G22770A	0.0	0.0	0.0	0.0	0.0	0.8937947494033412
G22775A	0.0	1.0	0.0	0.9565217391304348	0.9953271028037384	0.9988344988344988
G22813T	0.0	1.0	0.0	1.0	0.9978902953586498	0.9987577639751553
G22895C	0.0	1.0	0.0	1.0	0.9849624060150376	1.0
G22898A	0.0	1.0	0.0	1.0	0.9980657640232109	1.0
G22927T	0.0	1.0	0.0	1.0	0.7594339622641509	0.0
G22992A	0.0	1.0	0.0	1.0	0.9979123173277662	1.0
G23012A	0.0	0.0	0.0	0.0	0.0	1.0
G23222A	0.0	0.0	0.0	0.0	0.0	1.0
G23948T	0.0	0.0	0.0	1.0	1.0	1.0
G25690C	0.0	0.0	1.0	1.0	0.0	0.0
G26529C	0.0	0.0	0.0	0.0	0.0	1.0
G26709A	0.0	0.0	1.0	1.0	0.9987677141096735	1.0
G27339T	0.0	0.0	0.0	0.725	0.0	0.0
G27382C	0.0	0.0	0.0	1.0	1.0	1.0
G27915T	1.0	0.0	1.0	0.0	0.9001297016861219	0.0
G28881A	0.8787878787878788	0.0	0.0	0.0	0.9803085001640959	0.9921414538310412
G28882A	0.8787878787878788	0.0	0.0	0.0	0.9803085001640959	0.9921414538310412
G28883C	0.8787878787878788	0.0	0.0	0.0	0.9803085001640959	0.9921414538310412
G28895T	0.45714285714285713	0.0	0.0	0.0	0.0	0.0
G3431T	0.0	0.0	0.0	0.0	0.0	0.9986789960369881
G4184A	1.0	0.0	0.0	0.0	1.0	1.0
G5720A	1.0	0.0	1.0	0.0	0.6330275229357798	0.0
G7241T	0.0	0.0	0.42857142857142855	0.0	0.0	0.0
G968A	0.4036697247706422	0.0	0.0	0.0	0.0	0.0
GGAGAACGCA28361G	0.8165137614678899	0.0	0.0	0.0	0.6740126554658521	0.0
GTCTGGTTTT11287G	1.0	0.0	1.0	0.0	1.0	1.0
GTGT23007G	0.0	0.0	0.0	0.0	0.0	1.0
T14385C	0.0	0.0	0.0	1.0	0.0	0.0
T15756A	0.0	0.0	0.0	0.0	0.0	1.0
T15939C	0.0	0.0	0.0	0.0	0.8682170542635659	0.0
T16342C	0.0	0.0	0.0	0.9855072463768118	0.828030954428203	0.0
T17859C	1.0	1.0	1.0	1.0	0.7972972972972973	0.0
T18453C	0.0	0.0	0.0	0.0	0.0	0.8817567567567568
T21673C	0.0	0.0	0.0	0.0	0.0	0.44766839378238343
T21810C	0.0	0.0	0.0	1.0	0.8926103136629452	0.8901734104046243
T22200A	0.0	0.0	0.0	0.0	0.9964947421131698	0.9991068770467401
T22200G	0.0	0.0	0.0	0.0	0.0	0.9987510407993337
T22679C	0.0	1.0	0.0	1.0	1.0	1.0
T22882G	0.0	1.0	0.0	1.0	1.0	1.0
T22896A	0.0	0.0	0.0	0.0	0.0	1.0
T22896C	0.0	1.0	0.0	1.0	0.9849624060150376	0.0
T22917G	0.0	0.0	0.0	0.0	0.0	0.8130081300813008
T22926C	0.0	0.0	0.0	0.0	0.0	0.8376623376623377
T22930A	0.0	1.0	0.0	1.0	0.7703349282296651	0.0
T22942A	0.0	0.0	0.0	0.0	0.0	0.996779388083736
T22942G	0.0	1.0	0.0	1.0	1.0	0.0
T23005A	0.0	0.0	0.0	0.0	0.0	1.0
T23018C	0.0	1.0	0.0	1.0	0.9923664122137404	1.0
T23019C	0.0	1.0	0.0	1.0	0.9923664122137404	1.0
T23031C	0.0	1.0	0.0	1.0	0.848349687778769	0.0
T23075C	0.0	0.0	0.0	1.0	0.997874601487779	1.0
T23599G	0.0	0.0	0.0	1.0	0.9994946942900456	0.9993446920052425
T24469A	0.0	0.0	0.0	1.0	1.0	1.0
T26342C	0.0	0.0	0.0	0.0	0.0	0.9945652173913043
T27320C	0.0	0.0	0.0	0.0	0.0	0.7068843151171044
T27384C	0.0	0.0	0.0	1.0	1.0	1.0
T27810C	0.0	0.0	0.0	0.0	0.0	1.0
T28297C	0.9639889196675901	0.0	0.0	0.0	0.5652704351362342	0.0
T28772A	0.0	0.0	0.4	0.0	0.0	0.0
T3565C	0.0	0.0	0.0	0.0	0.0	0.9973439575033199
T670G	1.0	0.0	0.0	1.0	1.0	0.0
T7022G	0.0	0.0	0.0	0.0	0.0	0.9152173913043478
TG4398T	0.0	0.0	0.0	0.0	0.0	1.0
TTACCCCCTG21632T	0.0	0.0	0.0	0.0	1.0	1.0
TTTA21990T	0.0	0.0	0.0	1.0	0.9258426966292135	1.0
