Base Changes	53A_F	53B_F	53C_F	69A	69B_F	69C_F
A10286G	0.0	0.0	0.055054490792934986	0.0	0.0	0.06043956043956044
A14673G	0.28515185601799775	0.3365384615384615	0.3289244691959624	0.35044997353096874	0.3706373292867981	0.24580759046778464
A18153G	0.07834101382488479	0.06352087114337568	0.06574004507888806	0.08363970588235294	0.05672149744753262	0.052061855670103095
A18163G	0.9872754491017964	0.9899777282850779	0.981977342945417	0.993431855500821	0.9885773624091381	0.9921465968586386
A19443G	0.29695885509839	0.2266526757607555	0.13868863714383797	0.07681159420289856	0.28516129032258064	0.2668024439918534
A20055G	0.9987903225806452	0.9983677910772579	0.9990942028985508	0.9960024600246002	1.0	0.997501784439686
A22786C	1.0	1.0	0.9990842490842491	0.9964850615114236	1.0	1.0
A23013C	0.9982456140350877	0.9976470588235294	0.9985218033998522	0.9987730061349693	0.9970588235294118	0.9985955056179775
A23055G	0.9985433357611071	0.9974003466204506	1.0	0.9970167064439139	0.9988083889418494	1.0
A23063T	1.0	0.9990384615384617	0.9996780424983902	1.0	0.9997398543184183	0.9996900185988841
A23403G	1.0	0.9974811083123426	0.9994305239179954	1.0	0.9987812309567335	0.9975845410628019
A24424T	1.0	0.9959266802443991	0.9983914209115281	0.998896247240618	1.0	1.0
A27038G	0.059588299024918745	0.0	0.05237154150197629	0.12071734475374733	0.10534016093635698	0.0
A28271T	0.9916394779771615	0.9891131775912906	1.0	0.9921778509674763	0.9860491071428571	0.9897702234812716
A28330G	0.996854764107308	0.9989032682605835	0.9961942257217848	0.9977227873083346	0.9982004429678848	0.9974583002382843
A29419G	0.0	0.0	0.0	0.05407407407407407	0.052928988510077234	0.05752023860247125
A29510C	0.9997942810121374	1.0	0.9995938811425478	0.9998526377836723	0.9996111471160077	0.9991650431394378
A29621G	0.0	0.0	0.0	0.08264125255275698	0.0	0.0
A38T	0.1111111111111111	0.0	0.12222222222222222	0.14814814814814814	0.07317073170731707	0.06666666666666667
A4457G	0.08609738884968243	0.06003584229390681	0.0	0.0682961897915169	0.06636415201361316	0.05188005711565921
A9424G	0.9915611814345993	1.0	0.994392523364486	0.991869918699187	0.9895833333333335	1.0
ATACATG21764A	1.0	1.0	1.0	1.0	1.0	1.0
C10029T	1.0	0.9952696310312205	0.9967089797837329	0.9956458635703919	0.9916361735493989	1.0
C10198T	1.0	1.0	0.9985483201990876	1.0	1.0	1.0
C11674T	0.3048008931894306	0.18369646882043575	0.09431021044427122	0.0905720338983051	0.2773227240814416	0.2598870056497175
C11824T	0.33090467516697025	0.38091216216216217	0.4269896193771626	0.44032158317872605	0.3616891064871481	0.4124129930394432
C11941T	0.0	0.052708638360175704	0.0	0.0	0.0	0.0
C12534T	0.06857142857142857	0.07212475633528265	0.10072463768115943	0.06989247311827956	0.0	0.0
C12880T	0.9949804796430564	0.9937733499377335	0.994335122242099	0.9965504024530472	0.9964028776978417	0.9958791208791209
C14408T	0.9974506054811982	0.9993634627625716	0.9956559513466552	0.9937264742785445	1.0	1.0
C14649T	0.0	0.0	0.0	0.0634648370497427	0.0	0.0
C15714T	0.9621451104100945	0.9949748743718593	1.0	0.9956896551724138	0.9866310160427807	0.9754901960784313
C1612T	0.18546365914786966	0.11742424242424242	0.07511737089201878	0.0	0.29716193656093487	0.18905472636815918
C1627T	0.997828447339848	0.9931506849315067	0.9971081550028918	0.9978189749182116	0.995716034271726	0.9985815602836879
C16616A	0.9352831362787803	0.9574303405572755	0.923076923076923	0.8502622794468288	0.9403239556692242	0.95141065830721
C16887T	0.6412037037037037	0.5603448275862069	0.5683760683760684	0.47707558859975224	0.630718954248366	0.7271186440677966
C17410T	1.0	0.9904679376083189	0.9933636046105484	1.0	1.0	0.9939550949913645
C180T	0.0	0.0	0.0	0.0	0.0	0.06925996204933586
C18201T	0.0	0.0	0.0	0.0	0.07058823529411765	0.0
C19955T	1.0	0.9926677946982515	1.0	0.9953079178885631	1.0	0.9942411924119241
C21618T	0.9877675840978594	0.9866666666666667	0.9950248756218906	0.9828009828009828	0.9890590809628008	0.9888475836431226
C22674T	0.9982014388489209	1.0	0.9936974789915967	0.9932432432432432	0.9973821989528795	0.9963768115942028
C23525T	0.9868049010367578	0.9885496183206108	0.9943123061013444	0.969147005444646	0.9752066115702479	1.0
C23604A	1.0	0.9946777054997044	0.9993798449612403	0.9990995047276001	0.9971796937953263	0.9981053429329292
C23854A	0.998422712933754	0.9977661950856291	0.9995527728085868	0.998686974789916	0.9992181391712275	0.9979365972613017
C241T	0.9926144756277696	0.9954699886749716	0.995257854179016	1.0	1.0	1.0
C24210T	0.2504835589941973	0.32841007819287577	0.30030120481927713	0.31898238747553814	0.2100047192071732	0.28456474030724216
C24503A	0.0	0.0	0.0	0.0709474629546475	0.0	0.0
C24797A	0.0	0.0	0.0	0.07634408602150537	0.0	0.0
C25000T	1.0	0.9971751412429378	1.0	1.0	1.0	0.9965928449744463
C25584T	0.996996996996997	0.9967177242888403	1.0	0.9943502824858758	0.9987546699875467	0.9979267449896337
C25701T	0.0	0.0	0.0	0.06873977086743044	0.0	0.0
C26060T	0.9833916083916084	0.986341463414634	0.9877149877149877	0.9918973666441595	0.9882075471698113	0.9840182648401826
C26270T	0.9986636971046771	0.99799699549324	0.9967911692979079	1.0	1.0	1.0
C26577G	1.0	0.9992101105845181	1.0	0.999536822603057	1.0	1.0
C27012T	0.9297520661157024	0.935609756097561	0.9437362637362638	0.8717720391807658	0.896774193548387	0.9423328964613369
C2710T	0.6415094339622641	0.4643902439024391	0.5992874109263658	0.4819454679439941	0.5541883577851396	0.6465155331654073
C27493T	0.18107951247823564	0.3025210084033613	0.29788359788359786	0.2906350914962325	0.1938846421125782	0.2308892355694228
C27494T	0.0	0.0	0.0	0.0773323873714083	0.0	0.0
C27513T	0.9526143790849673	0.9506892895015908	0.934701025769327	0.8483552631578948	0.9206714944042134	0.9452380952380952
C27532T	0.0	0.05372405372405373	0.0717995722578674	0.14942528735632185	0.07233733187931661	0.06077630234933606
C27807T	0.9955336154207806	0.9973495891863239	0.997475658131987	0.9981351015333609	0.9967320261437908	0.9975298476739399
C27889T	1.0	0.9830028328611898	0.9724950884086444	0.9916317991631799	0.9801980198019803	0.9595719381688466
C2790T	0.9888268156424581	0.9931506849315067	0.99609375	0.9926108374384236	0.9960238568588469	0.9961538461538462
C28311T	0.9953060458129929	0.9943566591422122	0.9961558854718982	0.9929835265405735	0.9940385415222515	0.9947384710615909
C29627T	0.31573275862068967	0.20981087470449172	0.11749680715197956	0.08533736429847466	0.30043859649122806	0.2762420957542909
C29632T	0.0	0.0	0.0	0.12462962962962963	0.0	0.0
C3037T	0.9987608426270136	0.9963680387409201	0.9937304075235108	0.9949545913218971	0.9953198127925117	0.9984177215189873
C4321T	0.9939106901217862	1.0	0.9968226458694396	0.993975903614458	1.0	1.0
C44T	1.0	1.0	1.0	1.0	1.0	1.0
C5796T	0.0	0.0	0.0	0.0702247191011236	0.0	0.0
C619T	0.20555227406969878	0.1413662239089184	0.06789667896678966	0.0	0.24682926829268292	0.15990287894554284
C6401T	0.0	0.0	0.07857581338244321	0.0	0.0	0.0
C7528T	0.10582010582010583	0.07479224376731301	0.07817969661610269	0.16241299303944318	0.08955223880597014	0.05704697986577181
C7732T	0.0	0.0	0.06819839533187455	0.05286343612334802	0.08269394714407502	0.0
C8626T	0.9369557645419715	0.9426979705531238	0.8727892875189489	0.8486038394415357	0.9232256816863276	0.9499846578705125
C9344T	1.0	0.9943820224719101	0.99450441609421	0.9909385113268608	0.9913633559531153	0.9932065217391305
C9534T	0.9953416149068324	0.9977064220183486	0.9962168978562421	0.993388429752066	0.9971751412429378	0.9931740614334471
C988T	0.0	0.0	0.0	0.07377049180327869	0.0	0.0
CCA22686TCG	1.0	1.0	1.0	1.0	1.0	1.0
CGAGGCCACGCGGAGTACGATCGAGTG29733C	1.0	1.0	1.0	1.0	1.0	1.0
G1085T	0.07678883071553229	0.0	0.0	0.15564017134697763	0.08051420838971585	0.06284319707138498
G11083T	0.07209106239460371	0.0	0.0	0.0	0.0	0.0
G11266T	0.28747203579418346	0.3220675944333996	0.4359313077939234	0.3797752808988764	0.28329297820823246	0.22743682310469315
G12160A	0.9976833976833975	0.9941715237302248	0.9970174691095015	0.9926739926739927	0.9931937172774868	0.9920147420147419
G12310A	0.92375	0.9096296296296296	0.9349148418491484	0.8725023786869648	0.9544452608376194	0.9178605539637058
G12911A	0.2984778292521509	0.18408736349453977	0.1200698080279232	0.08877721943048575	0.3723356009070295	0.29008567931456547
G14181C	0.0776255707762557	0.0	0.0	0.11255411255411256	0.0	0.08270676691729323
G21987A	0.992248062015504	0.99	0.9942112879884226	0.9879227053140096	0.9901408450704225	1.0
G22578A	0.9977603583426652	0.9963154016212233	0.9975291210730675	0.9978225367446925	0.996873371547681	0.9966216216216216
G22599C	0.061342592592592594	0.0	0.0644927536231884	0.13975501113585745	0.07901761879337961	0.0
G22775A	1.0	0.9963031423290203	0.9935185185185185	0.9946476360392507	0.9939467312348669	0.998589562764457
G22813T	0.9962825278810409	0.9976608187134502	0.9933854479855683	1.0	0.9912357581069238	1.0
G23270T	0.359988931931378	0.23888762252108503	0.14005757307351638	0.11780938229675227	1.0	1.0
G23628T	0.07820224719101124	0.0	0.08594594594594594	0.0	0.06263498920086392	0.0
G23948T	1.0	0.9985052316890882	0.9997656982193065	0.9986654804270462	1.0	0.9975893933306549
G25290T	0.12528301886792453	0.07730263157894737	0.11446945337620579	0.15843621399176955	0.10836501901140684	0.0690978886756238
G26065T	0.059574468085106386	0.0	0.0	0.05975049244911359	0.0	0.05908096280087528
G26529A	0.9971671388101983	0.9965397923875432	0.9971857410881801	0.9935064935064937	1.0	1.0
G26709A	0.9941482444733422	0.9924385633270322	0.9925671812464265	0.9955476402493322	0.9929676511954993	1.0
G27906T	0.054628224582701064	0.0	0.0	0.0	0.05227882037533513	0.0
G28881A	1.0	1.0	1.0	1.0	1.0	1.0
G28882A	1.0	1.0	1.0	1.0	1.0	1.0
G28883C	1.0	1.0	1.0	1.0	1.0	1.0
G29706T	0.0	0.0	0.0	0.05058823529411764	0.0	0.0
G29810T	0.5	0.0	0.0	0.0	0.0	1.0
G4184A	1.0	0.9859402460456941	1.0	0.9776021080368906	0.9778393351800554	1.0
G8179A	0.0	0.0	0.0	0.0	0.0	0.06189555125725339
GCAC22992ACAA	1.0	1.0	0.9994158878504673	1.0	0.9990000000000001	1.0
GCC10447ACA	0.9987577639751553	0.997979797979798	1.0	1.0	1.0	1.0
GGAGAACGCA28361G	1.0	1.0	1.0	0.0	1.0	1.0
GGAGAACGCAG28361GG	0.0	0.0	0.0	1.0	0.0	0.0
GGAGAACGCAG28361TT	0.0	0.0	0.0	1.0	0.0	0.0
GTCTGGTTTT11287G	1.0	1.0	1.0	1.0	1.0	1.0
T1016C	0.0	0.06570512820512821	0.11937812326485286	0.0	0.0	0.09552495697074011
T11587C	0.0	0.0	0.05582455140985474	0.0	0.05164169588779089	0.0
T16456C	0.269773145309626	0.3620209059233449	0.4036532951289399	0.36812791951131874	0.2673117055587175	0.2905477980665951
T17208C	0.6160714285714286	0.5921052631578947	0.44275582573454914	0.5111731843575419	0.6245810055865921	0.5885608856088561
T18200C	0.0	0.0	0.0	0.05025125628140704	0.0	0.0
T18203C	0.0	0.0	0.0	0.0	0.05732484076433122	0.10465116279069768
T22200G	1.0	0.9993243243243242	0.9991039426523297	0.9995454545454545	0.9992687385740402	1.0
T22679C	0.99644128113879	1.0	0.9971988795518207	0.9961089494163424	0.9961038961038962	1.0
T22702A	0.05749128919860627	0.0	0.052370842179759375	0.0	0.0	0.0
T22882G	1.0	0.9992266047950502	0.9996191926884996	0.999546485260771	0.9994689325544344	0.9986159169550173
T22917G	0.9984447900466563	0.9971671388101983	0.9995796553173603	0.9971160778658976	0.9966397849462365	0.9943235572374646
T23018G	0.9981343283582089	1.0	0.9975389663658737	0.996031746031746	0.99836867862969	0.9984662576687117
T23075C	0.9931506849315067	0.999096657633243	0.9986307622090371	1.0	0.9980502071654886	0.9960384833050369
T23599G	1.0	1.0	0.9993757802746566	0.9968525179856116	0.9963826366559485	1.0
T24460C	0.0	0.0	0.06286836935166994	0.0	0.0	0.0
T24469A	0.998435054773083	1.0	0.996078431372549	1.0	0.9986120749479528	0.9972727272727273
T29344C	0.3040617848970252	0.24042407660738715	0.14728802992518703	0.0	0.24157883860301715	0.2395354464069683
T317C	0.0	0.08704061895551257	0.06628242074927954	0.11197339246119734	0.06813819577735125	0.0636734693877551
T3973C	0.0	0.05295471987720644	0.061043566362715296	0.0	0.0	0.0
T6489C	0.0	0.05263157894736842	0.0	0.0	0.0	0.0
T6508C	0.07407407407407407	0.0	0.0	0.0	0.0	0.0625
T670G	1.0	1.0	1.0	0.9992380952380953	0.999285459092533	0.9987912973408541
TTACCCCCTG21632T	1.0	1.0	1.0	1.0	1.0	1.0
